MoleculeId,PredictedProbability,0
1,0.85
2,0.88
3,0.65
4,0.96
5,0.13
6,0.58
7,0.93
8,0.65
9,0.92
10,0.47
11,0.37
12,0.7
13,0.8
14,0.57
15,0.43
16,0.14
17,0.19
18,0.23
19,0.48
20,0.82
21,0.18
22,0.93
23,0.87
24,0.96
25,0.81
26,0.63
27,0.15
28,0.28
29,0.12
30,0.52
31,0.32
32,0.14
33,0.7
34,0.51
35,0.39
36,0.93
37,0.76
38,0.75
39,0.95
40,0.92
41,0.43
42,0.08
43,0.72
44,0.93
45,0.07
46,0.43
47,0.85
48,0.58
49,0.91
50,0.65
51,0.78
52,0.11
53,0.72
54,0.13
55,0.09
56,0.73
57,1.0
58,0.95
59,0.93
60,0.64
61,0.74
62,0.88
63,0.28
64,0.08
65,0.58
66,0.47
67,0.44
68,0.29
69,0.41
70,0.41
71,0.81
72,0.74
73,0.85
74,0.78
75,0.32
76,0.33
77,0.86
78,0.54
79,0.93
80,0.29
81,0.27
82,0.21
83,0.12
84,0.3
85,0.68
86,0.47
87,0.38
88,0.85
89,0.93
90,0.49
91,0.57
92,0.58
93,0.34
94,0.11
95,0.64
96,0.27
97,0.61
98,0.82
99,0.86
100,0.91
101,0.64
102,0.97
103,0.54
104,0.34
105,0.27
106,0.27
107,0.55
108,0.53
109,0.9
110,0.02
111,0.48
112,0.63
113,0.19
114,0.85
115,0.83
116,0.1
117,0.78
118,0.31
119,0.47
120,0.27
121,0.32
122,0.05
123,0.97
124,0.34
125,0.33
126,0.38
127,0.51
128,0.46
129,0.29
130,0.09
131,0.06
132,0.53
133,0.04
134,0.87
135,0.58
136,0.9
137,0.11
138,0.64
139,0.73
140,0.89
141,0.67
142,0.94
143,0.82
144,0.33
145,0.87
146,0.11
147,0.78
148,0.84
149,0.48
150,0.35
151,0.11
152,0.51
153,0.4
154,0.98
155,0.97
156,0.57
157,0.89
158,0.92
159,0.54
160,0.03
161,0.64
162,0.01
163,0.25
164,0.98
165,0.94
166,0.44
167,0.59
168,0.74
169,0.44
170,0.89
171,0.93
172,0.79
173,0.35
174,0.77
175,0.08
176,0.74
177,0.39
178,0.3
179,0.55
180,0.19
181,0.35
182,0.81
183,0.59
184,0.15
185,0.93
186,0.61
187,0.95
188,0.39
189,0.99
190,0.42
191,0.14
192,0.6
193,0.19
194,0.66
195,0.97
196,0.2
197,0.96
198,0.64
199,0.71
200,0.18
201,0.91
202,0.28
203,0.31
204,0.23
205,0.91
206,0.7
207,0.53
208,0.88
209,0.58
210,0.31
211,0.77
212,0.9
213,0.87
214,0.07
215,0.58
216,0.85
217,0.57
218,0.6
219,0.43
220,0.33
221,0.74
222,0.32
223,0.22
224,1.0
225,0.36
226,0.42
227,0.26
228,0.89
229,0.18
230,0.59
231,0.58
232,0.94
233,0.79
234,0.38
235,0.78
236,0.76
237,0.55
238,0.23
239,0.88
240,0.83
241,0.29
242,0.04
243,0.8
244,0.54
245,0.66
246,0.84
247,0.25
248,0.25
249,0.89
250,0.1
251,0.5
252,0.44
253,0.59
254,0.62
255,0.94
256,0.48
257,0.18
258,0.39
259,0.46
260,0.01
261,0.37
262,0.17
263,0.21
264,0.49
265,0.22
266,0.73
267,0.91
268,0.2
269,0.42
270,0.89
271,0.94
272,0.87
273,0.73
274,0.39
275,0.29
276,0.22
277,0.78
278,0.44
279,0.74
280,0.6
281,0.14
282,0.84
283,0.75
284,0.0
285,0.66
286,0.98
287,0.86
288,0.66
289,0.89
290,0.15
291,0.28
292,0.35
293,0.48
294,0.79
295,0.05
296,0.24
297,0.02
298,0.64
299,0.73
300,0.73
301,0.83
302,0.32
303,0.77
304,0.79
305,0.95
306,0.93
307,0.38
308,0.88
309,0.46
310,0.86
311,0.88
312,0.53
313,0.75
314,0.08
315,0.77
316,0.5
317,0.92
318,0.23
319,0.38
320,0.13
321,0.37
322,0.73
323,0.97
324,0.25
325,0.23
326,0.83
327,1.0
328,0.97
329,0.35
330,0.79
331,0.65
332,0.67
333,0.56
334,0.5
335,0.65
336,0.65
337,0.89
338,0.1
339,0.05
340,0.93
341,0.93
342,0.83
343,0.12
344,0.29
345,0.72
346,0.82
347,0.25
348,0.44
349,0.24
350,0.62
351,0.35
352,0.77
353,0.76
354,0.27
355,0.71
356,0.19
357,0.71
358,0.35
359,0.11
360,0.85
361,0.43
362,0.74
363,0.86
364,0.63
365,0.78
366,0.94
367,0.56
368,0.46
369,0.09
370,0.2
371,0.85
372,0.29
373,0.52
374,0.1
375,0.56
376,0.9
377,0.51
378,0.45
379,0.91
380,0.18
381,0.9
382,0.84
383,0.98
384,0.38
385,0.96
386,0.51
387,0.16
388,0.05
389,0.02
390,0.89
391,0.72
392,0.35
393,0.7
394,0.66
395,0.98
396,0.17
397,0.52
398,0.14
399,0.75
400,0.94
401,0.88
402,0.66
403,0.08
404,0.93
405,0.55
406,0.18
407,1.0
408,0.56
409,0.39
410,0.38
411,0.68
412,0.93
413,0.88
414,0.35
415,0.8
416,0.88
417,0.35
418,0.64
419,0.41
420,0.39
421,0.27
422,0.67
423,0.67
424,0.52
425,0.93
426,0.16
427,0.75
428,0.65
429,0.74
430,0.3
431,0.7
432,0.57
433,0.56
434,0.13
435,0.48
436,0.06
437,0.37
438,0.5
439,0.04
440,0.25
441,0.75
442,0.82
443,0.89
444,0.12
445,0.9
446,0.91
447,0.36
448,0.05
449,0.15
450,0.85
451,0.45
452,0.8
453,0.45
454,0.79
455,0.59
456,0.76
457,0.43
458,0.68
459,0.11
460,0.51
461,0.5
462,0.88
463,0.67
464,0.85
465,0.78
466,0.44
467,0.3
468,0.56
469,0.57
470,0.43
471,0.14
472,1.0
473,0.21
474,0.44
475,0.5
476,0.54
477,0.69
478,0.26
479,0.27
480,0.13
481,0.17
482,0.24
483,0.51
484,0.91
485,0.29
486,0.89
487,0.28
488,0.45
489,0.56
490,0.6
491,0.05
492,0.8
493,0.69
494,0.87
495,0.44
496,0.92
497,0.45
498,0.28
499,0.39
500,0.26
501,0.82
502,0.76
503,0.61
504,0.21
505,0.79
506,0.62
507,0.41
508,0.34
509,0.47
510,0.36
511,0.95
512,0.73
513,0.25
514,0.93
515,0.89
516,0.17
517,0.56
518,0.0
519,0.34
520,0.98
521,0.77
522,0.85
523,0.85
524,0.59
525,0.6
526,0.3
527,0.84
528,0.62
529,0.06
530,0.31
531,0.66
532,0.17
533,0.67
534,0.15
535,0.51
536,0.02
537,0.96
538,0.21
539,0.96
540,0.35
541,0.23
542,0.13
543,0.54
544,0.59
545,0.85
546,0.8
547,0.86
548,0.47
549,0.9
550,0.89
551,0.52
552,0.31
553,0.41
554,0.31
555,0.02
556,0.86
557,0.39
558,0.56
559,0.68
560,0.89
561,0.98
562,0.89
563,0.5
564,0.48
565,0.54
566,0.38
567,0.37
568,0.75
569,0.85
570,0.34
571,0.52
572,0.91
573,0.12
574,0.76
575,0.35
576,0.79
577,0.79
578,0.59
579,0.75
580,0.15
581,0.52
582,0.99
583,0.18
584,0.87
585,0.75
586,0.58
587,0.89
588,0.4
589,0.25
590,0.84
591,0.72
592,0.08
593,0.95
594,0.94
595,0.85
596,0.24
597,0.21
598,0.96
599,0.96
600,0.37
601,0.26
602,0.61
603,0.82
604,0.42
605,0.73
606,0.25
607,0.86
608,0.28
609,0.16
610,0.49
611,0.58
612,0.94
613,0.26
614,0.73
615,0.93
616,0.48
617,0.46
618,0.92
619,0.04
620,0.61
621,0.45
622,0.9
623,0.28
624,0.25
625,0.15
626,0.93
627,0.2
628,0.56
629,0.34
630,0.13
631,0.21
632,0.3
633,0.91
634,0.69
635,0.84
636,0.89
637,0.99
638,0.17
639,0.66
640,0.54
641,0.27
642,0.31
643,0.12
644,0.1
645,0.21
646,0.52
647,0.09
648,0.84
649,0.7
650,0.7
651,0.81
652,0.17
653,0.33
654,0.13
655,0.35
656,0.98
657,0.6
658,0.63
659,0.69
660,0.27
661,0.29
662,0.53
663,0.42
664,0.74
665,0.74
666,0.11
667,0.42
668,0.87
669,0.55
670,0.65
671,0.4
672,0.88
673,0.19
674,0.62
675,0.88
676,0.38
677,0.42
678,0.25
679,0.58
680,0.02
681,0.37
682,0.52
683,0.3
684,0.6
685,0.72
686,0.12
687,0.08
688,0.74
689,0.1
690,0.73
691,0.7
692,0.76
693,0.7
694,0.83
695,0.34
696,0.83
697,0.82
698,0.5
699,0.93
700,0.77
701,0.39
702,0.31
703,0.76
704,0.65
705,0.74
706,0.4
707,0.49
708,0.51
709,0.81
710,0.83
711,0.05
712,0.78
713,0.38
714,0.65
715,0.74
716,0.68
717,0.47
718,0.91
719,0.84
720,0.57
721,0.96
722,0.77
723,0.88
724,0.57
725,0.56
726,0.01
727,0.37
728,0.28
729,0.07
730,0.54
731,0.78
732,0.56
733,0.84
734,0.26
735,0.17
736,0.37
737,0.05
738,0.54
739,0.96
740,0.9
741,0.76
742,0.5
743,0.34
744,0.89
745,0.62
746,0.05
747,0.36
748,0.58
749,0.76
750,0.53
751,0.17
752,0.55
753,0.65
754,0.61
755,0.65
756,0.56
757,0.8
758,0.56
759,0.98
760,0.8
761,0.67
762,0.57
763,0.97
764,0.9
765,0.67
766,0.32
767,0.41
768,0.78
769,0.64
770,0.82
771,0.02
772,0.41
773,0.34
774,0.32
775,0.93
776,0.97
777,0.34
778,0.63
779,0.27
780,0.9
781,0.85
782,0.67
783,0.14
784,0.75
785,0.1
786,0.94
787,0.67
788,0.55
789,0.27
790,0.1
791,0.29
792,0.07
793,0.26
794,0.19
795,0.67
796,0.71
797,0.79
798,0.51
799,0.68
800,0.98
801,0.2
802,0.73
803,0.65
804,0.88
805,0.75
806,0.42
807,0.36
808,0.14
809,0.35
810,0.36
811,0.75
812,0.6
813,0.62
814,0.96
815,0.19
816,0.69
817,0.15
818,0.81
819,0.55
820,0.83
821,0.04
822,0.76
823,0.01
824,0.21
825,0.68
826,0.88
827,0.66
828,0.89
829,0.75
830,0.98
831,0.77
832,0.96
833,0.33
834,0.88
835,0.34
836,0.82
837,0.82
838,0.22
839,0.69
840,0.56
841,0.67
842,0.12
843,0.09
844,0.4
845,0.92
846,0.67
847,0.77
848,0.51
849,0.37
850,0.36
851,0.84
852,0.97
853,0.99
854,0.18
855,0.72
856,0.51
857,0.47
858,0.88
859,0.17
860,0.14
861,0.72
862,0.68
863,0.74
864,0.78
865,0.4
866,0.3
867,0.87
868,0.78
869,0.8
870,0.61
871,0.5
872,0.5
873,0.77
874,0.41
875,0.74
876,0.45
877,0.4
878,0.94
879,0.9
880,0.3
881,0.61
882,0.52
883,0.92
884,0.13
885,0.11
886,0.14
887,0.47
888,0.83
889,0.1
890,0.23
891,0.31
892,0.34
893,0.96
894,0.45
895,0.68
896,0.58
897,0.79
898,0.55
899,0.13
900,0.91
901,0.0
902,0.59
903,0.22
904,0.98
905,0.99
906,0.51
907,0.29
908,0.63
909,0.98
910,0.37
911,0.38
912,0.71
913,0.92
914,0.34
915,0.9
916,0.48
917,0.29
918,0.45
919,0.57
920,0.03
921,0.34
922,0.93
923,0.11
924,0.47
925,0.96
926,0.63
927,0.31
928,0.1
929,0.02
930,0.82
931,0.13
932,0.2
933,0.1
934,0.88
935,0.7
936,0.25
937,0.96
938,0.61
939,0.99
940,0.26
941,0.72
942,0.32
943,0.02
944,0.37
945,0.47
946,0.57
947,0.37
948,0.69
949,0.29
950,0.54
951,0.87
952,0.2
953,0.23
954,0.13
955,0.2
956,0.13
957,0.81
958,0.4
959,0.43
960,0.28
961,0.5
962,0.69
963,0.64
964,0.67
965,0.09
966,0.7
967,0.38
968,0.69
969,0.42
970,0.17
971,0.33
972,0.42
973,0.9
974,0.88
975,0.8
976,0.73
977,0.91
978,0.28
979,0.81
980,0.27
981,0.36
982,0.13
983,0.74
984,0.88
985,0.31
986,0.09
987,0.63
988,0.78
989,0.18
990,0.61
991,0.79
992,0.25
993,0.81
994,0.19
995,0.26
996,0.81
997,0.42
998,0.22
999,0.65
1000,0.56
1001,0.16
1002,0.92
1003,0.95
1004,0.45
1005,0.73
1006,0.13
1007,0.69
1008,0.89
1009,0.55
1010,0.23
1011,0.66
1012,0.32
1013,0.3
1014,0.36
1015,0.31
1016,0.77
1017,0.38
1018,0.91
1019,0.81
1020,0.46
1021,0.54
1022,0.48
1023,0.73
1024,0.78
1025,0.6
1026,0.49
1027,0.27
1028,0.31
1029,0.91
1030,0.93
1031,0.62
1032,0.53
1033,0.78
1034,0.21
1035,0.71
1036,0.49
1037,0.66
1038,0.65
1039,0.37
1040,0.33
1041,0.24
1042,0.86
1043,0.89
1044,0.42
1045,0.45
1046,0.9
1047,0.94
1048,0.59
1049,0.31
1050,0.9
1051,0.19
1052,0.44
1053,0.97
1054,0.77
1055,0.71
1056,0.95
1057,0.15
1058,0.84
1059,0.16
1060,0.35
1061,0.38
1062,0.27
1063,0.89
1064,0.28
1065,0.56
1066,0.54
1067,0.68
1068,0.8
1069,0.45
1070,0.43
1071,0.46
1072,0.9
1073,0.99
1074,0.85
1075,0.59
1076,0.57
1077,0.96
1078,0.4
1079,0.78
1080,0.92
1081,0.49
1082,0.64
1083,0.52
1084,0.8
1085,0.22
1086,0.45
1087,0.14
1088,0.96
1089,0.9
1090,0.25
1091,0.61
1092,0.92
1093,0.89
1094,0.96
1095,0.96
1096,0.6
1097,0.76
1098,0.44
1099,0.35
1100,0.98
1101,0.03
1102,0.72
1103,0.95
1104,0.44
1105,0.3
1106,0.79
1107,0.43
1108,0.43
1109,0.13
1110,0.8
1111,0.2
1112,0.9
1113,0.76
1114,0.22
1115,0.63
1116,0.07
1117,0.72
1118,0.17
1119,0.19
1120,0.22
1121,0.61
1122,0.37
1123,0.6
1124,0.4
1125,0.18
1126,0.95
1127,0.15
1128,0.65
1129,0.32
1130,0.16
1131,0.31
1132,0.57
1133,0.88
1134,0.71
1135,0.39
1136,0.12
1137,0.66
1138,0.53
1139,0.55
1140,0.44
1141,0.61
1142,0.4
1143,0.26
1144,0.61
1145,0.63
1146,0.99
1147,0.77
1148,0.28
1149,0.68
1150,0.98
1151,0.58
1152,0.57
1153,0.38
1154,0.68
1155,0.84
1156,0.88
1157,0.09
1158,0.26
1159,0.0
1160,0.79
1161,0.47
1162,0.65
1163,0.82
1164,0.27
1165,0.6
1166,0.4
1167,0.92
1168,0.07
1169,0.97
1170,0.14
1171,0.93
1172,0.74
1173,0.16
1174,0.64
1175,0.89
1176,0.13
1177,0.58
1178,0.64
1179,0.42
1180,0.27
1181,0.93
1182,0.9
1183,0.93
1184,0.06
1185,0.79
1186,0.24
1187,0.41
1188,0.15
1189,0.97
1190,0.5
1191,0.24
1192,0.56
1193,0.93
1194,0.36
1195,0.77
1196,0.09
1197,0.88
1198,0.92
1199,0.97
1200,0.5
1201,0.86
1202,0.58
1203,0.94
1204,0.46
1205,0.38
1206,0.89
1207,0.42
1208,0.78
1209,0.15
1210,0.85
1211,0.16
1212,0.65
1213,0.1
1214,0.55
1215,0.62
1216,0.71
1217,0.29
1218,0.72
1219,0.57
1220,0.51
1221,0.67
1222,0.92
1223,0.49
1224,0.55
1225,0.75
1226,0.27
1227,0.95
1228,0.72
1229,0.85
1230,0.68
1231,0.79
1232,0.77
1233,0.94
1234,0.34
1235,0.35
1236,0.6
1237,0.32
1238,0.78
1239,0.81
1240,0.33
1241,0.9
1242,0.23
1243,0.23
1244,0.04
1245,0.69
1246,0.28
1247,0.08
1248,0.23
1249,0.87
1250,0.59
1251,0.28
1252,0.42
1253,0.67
1254,0.4
1255,0.66
1256,0.25
1257,0.69
1258,0.55
1259,0.89
1260,0.83
1261,0.91
1262,0.92
1263,0.52
1264,0.53
1265,0.93
1266,0.84
1267,0.88
1268,0.67
1269,0.09
1270,0.26
1271,0.28
1272,0.94
1273,0.84
1274,0.85
1275,0.77
1276,0.53
1277,0.98
1278,0.89
1279,0.84
1280,0.79
1281,0.9
1282,0.81
1283,0.64
1284,0.17
1285,0.54
1286,0.7
1287,0.42
1288,0.41
1289,0.67
1290,0.9
1291,0.94
1292,0.28
1293,0.1
1294,0.75
1295,0.67
1296,0.44
1297,0.05
1298,0.68
1299,0.91
1300,0.25
1301,0.31
1302,0.14
1303,0.86
1304,0.52
1305,0.34
1306,0.82
1307,0.8
1308,0.65
1309,0.76
1310,0.86
1311,0.67
1312,0.79
1313,0.51
1314,0.78
1315,0.34
1316,0.84
1317,0.49
1318,0.16
1319,0.1
1320,0.33
1321,0.61
1322,0.3
1323,0.14
1324,0.78
1325,0.4
1326,0.89
1327,0.53
1328,0.1
1329,0.24
1330,0.74
1331,0.48
1332,0.33
1333,0.92
1334,0.59
1335,0.7
1336,0.49
1337,0.34
1338,0.36
1339,0.75
1340,0.24
1341,0.85
1342,1.0
1343,0.8
1344,0.77
1345,0.95
1346,1.0
1347,0.37
1348,0.96
1349,0.57
1350,0.94
1351,0.96
1352,0.4
1353,0.71
1354,0.9
1355,0.76
1356,0.25
1357,0.66
1358,0.27
1359,0.24
1360,0.79
1361,0.97
1362,0.51
1363,0.53
1364,0.72
1365,0.95
1366,0.78
1367,0.94
1368,0.76
1369,0.96
1370,0.65
1371,0.78
1372,0.46
1373,0.99
1374,0.0
1375,0.53
1376,0.25
1377,0.91
1378,0.55
1379,0.29
1380,0.35
1381,0.76
1382,0.47
1383,0.74
1384,0.6
1385,0.1
1386,0.58
1387,0.88
1388,0.61
1389,0.15
1390,0.73
1391,0.67
1392,0.49
1393,0.87
1394,0.87
1395,0.69
1396,0.29
1397,0.43
1398,0.12
1399,0.19
1400,0.57
1401,0.66
1402,0.84
1403,0.82
1404,0.25
1405,0.08
1406,0.8
1407,0.06
1408,0.94
1409,0.83
1410,0.56
1411,0.29
1412,0.32
1413,0.76
1414,0.86
1415,0.61
1416,0.26
1417,0.5
1418,0.69
1419,0.42
1420,0.88
1421,0.17
1422,0.8
1423,0.8
1424,0.34
1425,0.62
1426,0.47
1427,0.07
1428,0.14
1429,0.36
1430,0.66
1431,0.61
1432,0.56
1433,0.07
1434,0.34
1435,0.52
1436,0.27
1437,0.2
1438,0.99
1439,0.15
1440,0.85
1441,0.84
1442,0.35
1443,0.35
1444,0.3
1445,0.27
1446,0.31
1447,0.1
1448,0.39
1449,0.85
1450,0.63
1451,0.72
1452,0.59
1453,0.41
1454,0.44
1455,0.43
1456,0.72
1457,0.88
1458,0.49
1459,0.51
1460,0.42
1461,0.34
1462,0.81
1463,0.54
1464,0.73
1465,0.89
1466,0.36
1467,0.89
1468,0.3
1469,0.5
1470,0.9
1471,0.76
1472,0.47
1473,0.77
1474,0.22
1475,0.27
1476,0.37
1477,0.97
1478,0.2
1479,0.43
1480,0.94
1481,0.03
1482,0.28
1483,0.78
1484,0.68
1485,0.33
1486,0.07
1487,0.37
1488,0.23
1489,0.28
1490,0.78
1491,0.75
1492,0.32
1493,0.73
1494,0.48
1495,0.54
1496,0.94
1497,0.37
1498,0.91
1499,0.22
1500,0.75
1501,0.17
1502,0.35
1503,0.54
1504,0.53
1505,0.61
1506,0.08
1507,0.24
1508,0.89
1509,0.89
1510,0.42
1511,0.91
1512,0.6
1513,0.96
1514,0.63
1515,0.07
1516,0.09
1517,0.11
1518,0.67
1519,0.48
1520,0.14
1521,0.13
1522,0.93
1523,0.27
1524,0.03
1525,0.9
1526,0.0
1527,0.43
1528,0.75
1529,0.96
1530,0.56
1531,0.49
1532,0.69
1533,0.69
1534,0.34
1535,0.77
1536,0.58
1537,0.14
1538,0.38
1539,0.84
1540,0.91
1541,0.66
1542,0.83
1543,0.02
1544,0.75
1545,0.81
1546,0.88
1547,0.62
1548,0.74
1549,0.73
1550,0.43
1551,0.95
1552,0.81
1553,0.75
1554,0.88
1555,0.88
1556,0.87
1557,0.45
1558,0.81
1559,0.79
1560,0.98
1561,0.53
1562,0.36
1563,0.07
1564,0.43
1565,0.52
1566,0.49
1567,0.72
1568,0.31
1569,0.9
1570,0.7
1571,0.98
1572,0.61
1573,0.9
1574,0.44
1575,0.19
1576,0.76
1577,0.86
1578,0.84
1579,0.69
1580,0.69
1581,0.8
1582,0.49
1583,0.75
1584,0.99
1585,0.6
1586,0.18
1587,0.89
1588,0.75
1589,0.34
1590,0.09
1591,0.09
1592,0.71
1593,0.91
1594,0.23
1595,0.7
1596,0.72
1597,0.59
1598,0.79
1599,0.57
1600,0.46
1601,0.78
1602,0.49
1603,0.18
1604,0.75
1605,0.13
1606,0.27
1607,0.81
1608,0.1
1609,0.73
1610,0.85
1611,0.81
1612,0.76
1613,0.87
1614,0.29
1615,0.56
1616,0.26
1617,0.19
1618,0.62
1619,0.94
1620,1.0
1621,0.28
1622,0.64
1623,0.73
1624,0.89
1625,0.82
1626,0.21
1627,0.02
1628,0.27
1629,0.41
1630,0.12
1631,0.5
1632,0.51
1633,0.87
1634,0.44
1635,0.38
1636,0.3
1637,0.73
1638,0.74
1639,0.19
1640,0.83
1641,0.42
1642,0.92
1643,0.68
1644,0.25
1645,1.0
1646,0.24
1647,0.88
1648,0.75
1649,0.48
1650,0.44
1651,0.91
1652,0.92
1653,0.56
1654,0.49
1655,0.26
1656,0.65
1657,0.6
1658,0.91
1659,0.43
1660,0.84
1661,0.14
1662,0.43
1663,0.26
1664,0.67
1665,0.43
1666,0.55
1667,0.74
1668,0.54
1669,0.86
1670,0.6
1671,0.27
1672,0.97
1673,0.38
1674,0.2
1675,0.94
1676,0.85
1677,0.06
1678,0.84
1679,0.51
1680,0.78
1681,0.74
1682,0.31
1683,0.94
1684,0.67
1685,0.93
1686,0.34
1687,0.76
1688,0.46
1689,0.43
1690,0.68
1691,0.55
1692,0.16
1693,0.43
1694,0.5
1695,0.56
1696,0.25
1697,0.94
1698,0.1
1699,0.01
1700,0.26
1701,0.75
1702,0.86
1703,0.22
1704,0.86
1705,0.41
1706,0.4
1707,0.69
1708,0.02
1709,0.72
1710,0.39
1711,0.4
1712,0.56
1713,0.08
1714,0.26
1715,0.4
1716,0.1
1717,0.37
1718,0.97
1719,0.95
1720,0.48
1721,0.14
1722,0.22
1723,0.4
1724,0.52
1725,0.27
1726,0.87
1727,0.95
1728,0.52
1729,0.89
1730,0.48
1731,0.42
1732,0.34
1733,0.93
1734,0.71
1735,0.65
1736,0.98
1737,0.17
1738,0.89
1739,0.82
1740,0.97
1741,0.78
1742,0.74
1743,0.75
1744,0.44
1745,0.1
1746,0.39
1747,0.07
1748,0.83
1749,0.86
1750,0.44
1751,0.87
1752,0.75
1753,0.32
1754,0.31
1755,0.16
1756,0.97
1757,0.53
1758,0.16
1759,0.59
1760,0.73
1761,0.84
1762,0.95
1763,0.32
1764,0.46
1765,0.9
1766,0.97
1767,0.62
1768,0.69
1769,0.99
1770,0.69
1771,0.74
1772,0.99
1773,0.84
1774,0.54
1775,0.32
1776,0.86
1777,0.01
1778,0.64
1779,0.11
1780,0.45
1781,0.81
1782,0.62
1783,0.26
1784,0.62
1785,0.45
1786,0.02
1787,0.73
1788,0.55
1789,0.38
1790,0.4
1791,0.38
1792,0.62
1793,0.91
1794,0.22
1795,0.12
1796,0.64
1797,0.49
1798,0.51
1799,0.68
1800,0.21
1801,0.96
1802,0.23
1803,0.12
1804,0.42
1805,0.78
1806,0.6
1807,0.53
1808,0.23
1809,0.81
1810,0.8
1811,0.86
1812,0.31
1813,0.68
1814,0.46
1815,0.94
1816,0.27
1817,0.79
1818,0.34
1819,0.44
1820,0.43
1821,0.48
1822,0.38
1823,0.95
1824,0.94
1825,0.99
1826,0.63
1827,0.53
1828,0.97
1829,0.7
1830,0.9
1831,0.41
1832,0.19
1833,0.42
1834,0.62
1835,0.67
1836,0.43
1837,0.38
1838,0.1
1839,0.9
1840,0.59
1841,0.18
1842,0.75
1843,0.6
1844,0.29
1845,0.75
1846,0.26
1847,0.8
1848,0.51
1849,0.38
1850,0.49
1851,0.91
1852,0.12
1853,0.79
1854,0.9
1855,0.68
1856,0.81
1857,0.24
1858,0.19
1859,0.29
1860,0.97
1861,0.63
1862,0.19
1863,0.78
1864,0.95
1865,0.35
1866,0.87
1867,0.92
1868,0.84
1869,0.86
1870,0.53
1871,0.86
1872,0.91
1873,0.48
1874,0.31
1875,0.49
1876,0.68
1877,0.03
1878,0.35
1879,0.71
1880,0.81
1881,0.35
1882,0.27
1883,0.46
1884,0.15
1885,0.94
1886,0.31
1887,0.75
1888,0.97
1889,0.93
1890,0.1
1891,0.82
1892,0.29
1893,0.73
1894,0.45
1895,0.46
1896,0.83
1897,0.94
1898,0.59
1899,0.82
1900,0.24
1901,0.84
1902,0.92
1903,0.5
1904,0.01
1905,0.31
1906,0.13
1907,0.55
1908,0.17
1909,0.92
1910,0.25
1911,0.32
1912,0.85
1913,0.08
1914,0.9
1915,0.8
1916,0.4
1917,0.2
1918,0.3
1919,0.49
1920,0.62
1921,0.88
1922,0.65
1923,0.27
1924,0.42
1925,0.89
1926,0.35
1927,0.28
1928,0.71
1929,0.79
1930,0.12
1931,0.2
1932,0.18
1933,0.31
1934,0.97
1935,0.05
1936,0.17
1937,0.3
1938,0.95
1939,0.56
1940,0.59
1941,0.9
1942,0.98
1943,0.68
1944,0.27
1945,0.24
1946,0.41
1947,0.59
1948,0.64
1949,0.21
1950,0.39
1951,0.85
1952,0.16
1953,0.98
1954,0.38
1955,0.69
1956,0.31
1957,0.21
1958,0.21
1959,0.76
1960,0.49
1961,0.15
1962,0.27
1963,0.3
1964,0.57
1965,0.53
1966,0.33
1967,0.73
1968,0.32
1969,0.79
1970,0.32
1971,0.55
1972,0.78
1973,0.92
1974,0.58
1975,0.77
1976,0.81
1977,0.27
1978,0.81
1979,0.07
1980,0.76
1981,0.84
1982,0.14
1983,0.37
1984,0.18
1985,0.37
1986,0.98
1987,0.4
1988,0.43
1989,0.97
1990,0.62
1991,0.39
1992,0.84
1993,0.66
1994,0.26
1995,0.34
1996,0.96
1997,0.95
1998,0.96
1999,0.41
2000,0.42
2001,0.42
2002,1.0
2003,0.46
2004,0.94
2005,0.79
2006,0.28
2007,0.09
2008,0.97
2009,0.16
2010,0.29
2011,0.44
2012,0.74
2013,0.71
2014,0.61
2015,0.94
2016,0.89
2017,0.28
2018,0.45
2019,0.75
2020,0.76
2021,0.34
2022,0.8
2023,0.66
2024,0.43
2025,0.43
2026,0.25
2027,0.13
2028,0.41
2029,0.24
2030,0.86
2031,0.48
2032,0.86
2033,0.4
2034,0.21
2035,0.66
2036,0.88
2037,0.18
2038,0.5
2039,0.68
2040,0.57
2041,0.43
2042,0.5
2043,0.4
2044,0.3
2045,0.37
2046,0.49
2047,0.98
2048,0.98
2049,0.27
2050,0.18
2051,0.47
2052,0.93
2053,0.64
2054,0.45
2055,0.7
2056,0.51
2057,0.88
2058,0.74
2059,0.25
2060,0.42
2061,0.53
2062,0.95
2063,0.71
2064,0.01
2065,0.24
2066,0.38
2067,0.61
2068,0.54
2069,0.59
2070,0.93
2071,0.21
2072,0.32
2073,0.63
2074,1.0
2075,0.22
2076,0.84
2077,0.33
2078,0.89
2079,0.94
2080,0.8
2081,0.95
2082,0.42
2083,0.42
2084,0.96
2085,0.38
2086,0.29
2087,0.24
2088,0.43
2089,0.55
2090,0.17
2091,0.32
2092,0.82
2093,0.27
2094,0.59
2095,0.41
2096,0.5
2097,0.85
2098,0.89
2099,0.92
2100,0.86
2101,0.4
2102,0.17
2103,0.63
2104,0.54
2105,0.81
2106,0.2
2107,0.65
2108,0.9
2109,0.72
2110,0.43
2111,0.51
2112,0.22
2113,0.76
2114,0.45
2115,0.28
2116,0.4
2117,0.79
2118,0.23
2119,0.31
2120,0.85
2121,0.88
2122,0.88
2123,0.4
2124,0.21
2125,0.87
2126,0.13
2127,0.93
2128,0.59
2129,0.98
2130,0.14
2131,0.74
2132,0.33
2133,0.37
2134,0.76
2135,0.55
2136,0.27
2137,0.81
2138,0.88
2139,0.79
2140,0.2
2141,0.3
2142,0.41
2143,0.34
2144,0.22
2145,0.41
2146,0.91
2147,0.95
2148,0.6
2149,0.26
2150,0.48
2151,0.31
2152,0.27
2153,0.27
2154,0.67
2155,0.72
2156,0.03
2157,0.28
2158,0.61
2159,0.67
2160,0.94
2161,0.87
2162,0.88
2163,0.71
2164,0.82
2165,0.69
2166,0.67
2167,0.81
2168,0.16
2169,0.06
2170,0.7
2171,0.64
2172,0.86
2173,0.23
2174,0.04
2175,0.03
2176,0.74
2177,0.29
2178,0.35
2179,0.52
2180,0.8
2181,0.8
2182,0.35
2183,0.52
2184,0.34
2185,0.4
2186,0.19
2187,0.14
2188,0.97
2189,0.17
2190,0.34
2191,0.29
2192,0.41
2193,0.7
2194,0.35
2195,0.19
2196,0.44
2197,0.29
2198,0.26
2199,0.79
2200,0.73
2201,0.81
2202,0.92
2203,0.24
2204,0.59
2205,0.26
2206,0.3
2207,0.69
2208,0.94
2209,0.29
2210,0.2
2211,0.67
2212,0.55
2213,0.9
2214,0.65
2215,0.95
2216,0.52
2217,0.79
2218,0.36
2219,0.81
2220,0.95
2221,0.33
2222,0.84
2223,0.98
2224,0.15
2225,0.21
2226,0.53
2227,0.64
2228,0.44
2229,0.07
2230,0.81
2231,0.67
2232,0.03
2233,0.99
2234,0.12
2235,0.04
2236,0.06
2237,0.14
2238,0.38
2239,0.9
2240,0.36
2241,0.98
2242,0.92
2243,0.53
2244,1.0
2245,0.89
2246,0.44
2247,0.37
2248,0.59
2249,0.59
2250,0.6
2251,0.28
2252,0.06
2253,0.36
2254,0.79
2255,0.64
2256,0.49
2257,0.1
2258,0.57
2259,0.72
2260,0.64
2261,0.91
2262,0.04
2263,0.19
2264,0.52
2265,0.9
2266,0.93
2267,0.5
2268,0.51
2269,0.11
2270,0.3
2271,0.93
2272,0.45
2273,0.43
2274,0.5
2275,0.62
2276,0.75
2277,0.16
2278,0.6
2279,0.35
2280,0.15
2281,0.32
2282,0.29
2283,0.26
2284,0.41
2285,0.42
2286,0.58
2287,0.26
2288,0.92
2289,0.84
2290,0.79
2291,0.96
2292,0.34
2293,0.96
2294,0.91
2295,0.71
2296,0.16
2297,0.51
2298,0.62
2299,0.51
2300,1.0
2301,0.19
2302,0.79
2303,0.66
2304,0.82
2305,0.62
2306,0.56
2307,0.82
2308,0.16
2309,0.9
2310,0.93
2311,0.39
2312,0.78
2313,0.93
2314,0.96
2315,0.32
2316,0.8
2317,0.01
2318,0.44
2319,0.85
2320,0.46
2321,0.79
2322,0.7
2323,0.33
2324,0.97
2325,0.15
2326,0.49
2327,0.81
2328,0.83
2329,0.23
2330,0.51
2331,0.38
2332,0.19
2333,0.79
2334,0.43
2335,0.58
2336,0.98
2337,0.34
2338,0.74
2339,0.21
2340,0.93
2341,0.91
2342,0.97
2343,0.98
2344,0.62
2345,0.77
2346,0.52
2347,0.52
2348,0.35
2349,0.31
2350,0.03
2351,0.72
2352,0.54
2353,0.35
2354,0.34
2355,0.16
2356,0.23
2357,0.86
2358,0.35
2359,0.95
2360,0.67
2361,0.81
2362,0.31
2363,0.86
2364,0.2
2365,0.46
2366,0.87
2367,0.75
2368,0.57
2369,0.94
2370,0.92
2371,0.48
2372,0.73
2373,0.25
2374,0.32
2375,0.35
2376,0.95
2377,0.15
2378,0.19
2379,0.06
2380,0.92
2381,0.07
2382,0.31
2383,0.79
2384,0.35
2385,0.22
2386,0.64
2387,0.78
2388,0.31
2389,0.87
2390,0.66
2391,0.86
2392,0.23
2393,0.99
2394,0.95
2395,0.21
2396,0.79
2397,0.0
2398,0.04
2399,0.82
2400,0.8
2401,0.64
2402,0.57
2403,0.47
2404,0.74
2405,0.75
2406,0.9
2407,0.55
2408,0.96
2409,0.93
2410,0.57
2411,0.98
2412,0.44
2413,0.85
2414,0.14
2415,0.26
2416,0.67
2417,0.65
2418,0.65
2419,0.11
2420,0.25
2421,0.12
2422,0.44
2423,0.41
2424,0.87
2425,0.48
2426,0.69
2427,0.11
2428,0.79
2429,0.79
2430,0.97
2431,0.62
2432,0.25
2433,0.45
2434,0.44
2435,0.27
2436,0.78
2437,0.06
2438,0.21
2439,0.84
2440,0.94
2441,0.92
2442,0.12
2443,0.02
2444,0.69
2445,0.79
2446,0.71
2447,0.86
2448,0.17
2449,0.45
2450,0.19
2451,0.27
2452,0.32
2453,0.18
2454,0.69
2455,0.07
2456,0.15
2457,0.63
2458,0.44
2459,0.35
2460,0.95
2461,0.6
2462,0.84
2463,0.96
2464,0.8
2465,0.44
2466,0.92
2467,0.69
2468,0.23
2469,0.81
2470,0.28
2471,0.99
2472,0.46
2473,0.61
2474,0.43
2475,0.36
2476,0.88
2477,0.1
2478,0.2
2479,0.76
2480,0.77
2481,0.16
2482,0.79
2483,0.17
2484,0.36
2485,0.5
2486,0.9
2487,0.1
2488,0.41
2489,0.87
2490,0.35
2491,0.68
2492,0.95
2493,0.96
2494,0.51
2495,0.68
2496,0.35
2497,0.33
2498,0.17
2499,0.97
2500,0.63
2501,0.29
